product_id,product_name,supplier_name,supplier_location,price,rating,description,features,type,prefixed_text,service_id,service_name,price_range
P001,generators model 901,Supplier 12,"beijing, china",12056.0,4.6,"generators designed for residential applications, with advanced features for durability and efficiency.","Material: Plastic, Warranty: 4 years, Weight: 82 kg, Power: 415 kW",product,"generators model 901 generators designed for residential applications, with advanced features for durability and efficiency. price:12056 rating:4.6 location:beijing, china",,,
P002,generators model 286,Supplier 8,"tokyo, japan",1353.0,3.8,"generators designed for commercial applications, with advanced features for durability and efficiency.","Material: Steel, Warranty: 4 years, Weight: 68 kg, Power: 160 kW",product,"generators model 286 generators designed for commercial applications, with advanced features for durability and efficiency. price:1353 rating:3.8 location:tokyo, japan",,,
P003,drilling equipment model 859,Supplier 25,"dubai, uae",2034.0,5.0,"drilling equipment designed for commercial applications, with advanced features for durability and efficiency.","Material: Steel, Warranty: 1 years, Weight: 13 kg, Power: 377 kW",product,"drilling equipment model 859 drilling equipment designed for commercial applications, with advanced features for durability and efficiency. price:2034 rating:5.0 location:dubai, uae",,,
P004,bolts and fasteners model 828,Supplier 8,"beijing, china",16501.0,4.8,"bolts and fasteners designed for commercial applications, with advanced features for durability and efficiency.","Material: Plastic, Warranty: 5 years, Weight: 69 kg, Power: 220 kW",product,"bolts and fasteners model 828 bolts and fasteners designed for commercial applications, with advanced features for durability and efficiency. price:16501 rating:4.8 location:beijing, china",,,
P005,conveyors model 522,Supplier 10,"london, uk",11436.0,4.2,"conveyors designed for commercial applications, with advanced features for durability and efficiency.","Material: Steel, Warranty: 1 years, Weight: 52 kg, Power: 66 kW",product,"conveyors model 522 conveyors designed for commercial applications, with advanced features for durability and efficiency. price:11436 rating:4.2 location:london, uk",,,
P006,air compressors model 939,Supplier 16,"toronto, canada",9824.0,4.7,"air compressors designed for residential applications, with advanced features for durability and efficiency.","Material: Steel, Warranty: 4 years, Weight: 69 kg, Power: 93 kW",product,"air compressors model 939 air compressors designed for residential applications, with advanced features for durability and efficiency. price:9824 rating:4.7 location:toronto, canada",,,
P007,hvac systems model 333,Supplier 15,"beijing, china",7069.0,3.6,"hvac systems designed for industrial applications, with advanced features for durability and efficiency.","Material: Plastic, Warranty: 3 years, Weight: 65 kg, Power: 490 kW",product,"hvac systems model 333 hvac systems designed for industrial applications, with advanced features for durability and efficiency. price:7069 rating:3.6 location:beijing, china",,,
P008,welding machines model 215,Supplier 21,"mumbai, india",1484.0,4.1,"welding machines designed for commercial applications, with advanced features for durability and efficiency.","Material: Plastic, Warranty: 5 years, Weight: 62 kg, Power: 72 kW",product,"welding machines model 215 welding machines designed for commercial applications, with advanced features for durability and efficiency. price:1484 rating:4.1 location:mumbai, india",,,
P009,bolts and fasteners model 181,Supplier 30,"dubai, uae",7733.0,4.7,"bolts and fasteners designed for residential applications, with advanced features for durability and efficiency.","Material: Aluminum, Warranty: 2 years, Weight: 44 kg, Power: 187 kW",product,"bolts and fasteners model 181 bolts and fasteners designed for residential applications, with advanced features for durability and efficiency. price:7733 rating:4.7 location:dubai, uae",,,
P010,air compressors model 793,Supplier 26,"berlin, germany",14299.0,4.6,"air compressors designed for commercial applications, with advanced features for durability and efficiency.","Material: Plastic, Warranty: 5 years, Weight: 30 kg, Power: 297 kW",product,"air compressors model 793 air compressors designed for commercial applications, with advanced features for durability and efficiency. price:14299 rating:4.6 location:berlin, germany",,,
P011,air compressors model 708,Supplier 10,"sydney, australia",10658.0,5.0,"air compressors designed for commercial applications, with advanced features for durability and efficiency.","Material: Plastic, Warranty: 3 years, Weight: 82 kg, Power: 486 kW",product,"air compressors model 708 air compressors designed for commercial applications, with advanced features for durability and efficiency. price:10658 rating:5.0 location:sydney, australia",,,
P012,pumps model 509,Supplier 26,"mumbai, india",9401.0,4.2,"pumps designed for commercial applications, with advanced features for durability and efficiency.","Material: Plastic, Warranty: 5 years, Weight: 79 kg, Power: 199 kW",product,"pumps model 509 pumps designed for commercial applications, with advanced features for durability and efficiency. price:9401 rating:4.2 location:mumbai, india",,,
P013,conveyors model 174,Supplier 9,"sydney, australia",6752.0,3.7,"conveyors designed for commercial applications, with advanced features for durability and efficiency.","Material: Steel, Warranty: 2 years, Weight: 35 kg, Power: 76 kW",product,"conveyors model 174 conveyors designed for commercial applications, with advanced features for durability and efficiency. price:6752 rating:3.7 location:sydney, australia",,,
P014,conveyors model 999,Supplier 16,"tokyo, japan",12492.0,4.9,"conveyors designed for commercial applications, with advanced features for durability and efficiency.","Material: Plastic, Warranty: 2 years, Weight: 53 kg, Power: 492 kW",product,"conveyors model 999 conveyors designed for commercial applications, with advanced features for durability and efficiency. price:12492 rating:4.9 location:tokyo, japan",,,
P015,industrial valves model 165,Supplier 11,"beijing, china",10952.0,3.8,"industrial valves designed for commercial applications, with advanced features for durability and efficiency.","Material: Plastic, Warranty: 3 years, Weight: 32 kg, Power: 493 kW",product,"industrial valves model 165 industrial valves designed for commercial applications, with advanced features for durability and efficiency. price:10952 rating:3.8 location:beijing, china",,,
P016,air compressors model 848,Supplier 21,"dubai, uae",14455.0,4.3,"air compressors designed for residential applications, with advanced features for durability and efficiency.","Material: Plastic, Warranty: 4 years, Weight: 22 kg, Power: 478 kW",product,"air compressors model 848 air compressors designed for residential applications, with advanced features for durability and efficiency. price:14455 rating:4.3 location:dubai, uae",,,
P017,hvac systems model 664,Supplier 25,"paris, france",18245.0,3.5,"hvac systems designed for commercial applications, with advanced features for durability and efficiency.","Material: Plastic, Warranty: 2 years, Weight: 75 kg, Power: 439 kW",product,"hvac systems model 664 hvac systems designed for commercial applications, with advanced features for durability and efficiency. price:18245 rating:3.5 location:paris, france",,,
P018,conveyors model 777,Supplier 22,"sydney, australia",10898.0,4.1,"conveyors designed for residential applications, with advanced features for durability and efficiency.","Material: Steel, Warranty: 2 years, Weight: 91 kg, Power: 256 kW",product,"conveyors model 777 conveyors designed for residential applications, with advanced features for durability and efficiency. price:10898 rating:4.1 location:sydney, australia",,,
P019,air compressors model 602,Supplier 6,"toronto, canada",19145.0,4.2,"air compressors designed for commercial applications, with advanced features for durability and efficiency.","Material: Plastic, Warranty: 4 years, Weight: 72 kg, Power: 224 kW",product,"air compressors model 602 air compressors designed for commercial applications, with advanced features for durability and efficiency. price:19145 rating:4.2 location:toronto, canada",,,
P020,drilling equipment model 124,Supplier 9,"berlin, germany",11506.0,3.5,"drilling equipment designed for industrial applications, with advanced features for durability and efficiency.","Material: Aluminum, Warranty: 2 years, Weight: 14 kg, Power: 348 kW",product,"drilling equipment model 124 drilling equipment designed for industrial applications, with advanced features for durability and efficiency. price:11506 rating:3.5 location:berlin, germany",,,
P021,welding machines model 231,Supplier 16,"sydney, australia",8950.0,3.9,"welding machines designed for commercial applications, with advanced features for durability and efficiency.","Material: Plastic, Warranty: 1 years, Weight: 96 kg, Power: 369 kW",product,"welding machines model 231 welding machines designed for commercial applications, with advanced features for durability and efficiency. price:8950 rating:3.9 location:sydney, australia",,,
P022,air compressors model 410,Supplier 20,"tokyo, japan",17836.0,4.4,"air compressors designed for residential applications, with advanced features for durability and efficiency.","Material: Aluminum, Warranty: 2 years, Weight: 26 kg, Power: 70 kW",product,"air compressors model 410 air compressors designed for residential applications, with advanced features for durability and efficiency. price:17836 rating:4.4 location:tokyo, japan",,,
P023,industrial valves model 910,Supplier 20,"mumbai, india",6934.0,3.6,"industrial valves designed for industrial applications, with advanced features for durability and efficiency.","Material: Aluminum, Warranty: 2 years, Weight: 22 kg, Power: 466 kW",product,"industrial valves model 910 industrial valves designed for industrial applications, with advanced features for durability and efficiency. price:6934 rating:3.6 location:mumbai, india",,,
P024,filters model 208,Supplier 5,"mumbai, india",13632.0,4.9,"filters designed for commercial applications, with advanced features for durability and efficiency.","Material: Steel, Warranty: 4 years, Weight: 18 kg, Power: 267 kW",product,"filters model 208 filters designed for commercial applications, with advanced features for durability and efficiency. price:13632 rating:4.9 location:mumbai, india",,,
P025,industrial valves model 998,Supplier 15,"beijing, china",6817.0,4.6,"industrial valves designed for industrial applications, with advanced features for durability and efficiency.","Material: Plastic, Warranty: 1 years, Weight: 91 kg, Power: 232 kW",product,"industrial valves model 998 industrial valves designed for industrial applications, with advanced features for durability and efficiency. price:6817 rating:4.6 location:beijing, china",,,
P026,generators model 997,Supplier 26,"sydney, australia",5705.0,3.9,"generators designed for industrial applications, with advanced features for durability and efficiency.","Material: Steel, Warranty: 1 years, Weight: 63 kg, Power: 451 kW",product,"generators model 997 generators designed for industrial applications, with advanced features for durability and efficiency. price:5705 rating:3.9 location:sydney, australia",,,
P027,drilling equipment model 510,Supplier 25,"paris, france",13991.0,4.0,"drilling equipment designed for commercial applications, with advanced features for durability and efficiency.","Material: Aluminum, Warranty: 5 years, Weight: 85 kg, Power: 181 kW",product,"drilling equipment model 510 drilling equipment designed for commercial applications, with advanced features for durability and efficiency. price:13991 rating:4.0 location:paris, france",,,
P028,drilling equipment model 421,Supplier 16,"berlin, germany",10841.0,4.0,"drilling equipment designed for industrial applications, with advanced features for durability and efficiency.","Material: Aluminum, Warranty: 4 years, Weight: 54 kg, Power: 417 kW",product,"drilling equipment model 421 drilling equipment designed for industrial applications, with advanced features for durability and efficiency. price:10841 rating:4.0 location:berlin, germany",,,
P029,hvac systems model 496,Supplier 2,"toronto, canada",10369.0,4.2,"hvac systems designed for industrial applications, with advanced features for durability and efficiency.","Material: Plastic, Warranty: 2 years, Weight: 95 kg, Power: 433 kW",product,"hvac systems model 496 hvac systems designed for industrial applications, with advanced features for durability and efficiency. price:10369 rating:4.2 location:toronto, canada",,,
P030,welding machines model 631,Supplier 12,"paris, france",4947.0,4.7,"welding machines designed for residential applications, with advanced features for durability and efficiency.","Material: Steel, Warranty: 3 years, Weight: 99 kg, Power: 392 kW",product,"welding machines model 631 welding machines designed for residential applications, with advanced features for durability and efficiency. price:4947 rating:4.7 location:paris, france",,,
P031,welding machines model 805,Supplier 19,"berlin, germany",7232.0,4.9,"welding machines designed for industrial applications, with advanced features for durability and efficiency.","Material: Plastic, Warranty: 1 years, Weight: 20 kg, Power: 428 kW",product,"welding machines model 805 welding machines designed for industrial applications, with advanced features for durability and efficiency. price:7232 rating:4.9 location:berlin, germany",,,
P032,hvac systems model 644,Supplier 21,"tokyo, japan",9798.0,4.5,"hvac systems designed for industrial applications, with advanced features for durability and efficiency.","Material: Aluminum, Warranty: 1 years, Weight: 95 kg, Power: 428 kW",product,"hvac systems model 644 hvac systems designed for industrial applications, with advanced features for durability and efficiency. price:9798 rating:4.5 location:tokyo, japan",,,
P033,hvac systems model 782,Supplier 26,"dubai, uae",7617.0,3.6,"hvac systems designed for commercial applications, with advanced features for durability and efficiency.","Material: Plastic, Warranty: 2 years, Weight: 71 kg, Power: 155 kW",product,"hvac systems model 782 hvac systems designed for commercial applications, with advanced features for durability and efficiency. price:7617 rating:3.6 location:dubai, uae",,,
P034,filters model 632,Supplier 23,"london, uk",13849.0,5.0,"filters designed for industrial applications, with advanced features for durability and efficiency.","Material: Aluminum, Warranty: 1 years, Weight: 65 kg, Power: 307 kW",product,"filters model 632 filters designed for industrial applications, with advanced features for durability and efficiency. price:13849 rating:5.0 location:london, uk",,,
P035,hvac systems model 460,Supplier 27,"london, uk",5904.0,3.9,"hvac systems designed for commercial applications, with advanced features for durability and efficiency.","Material: Plastic, Warranty: 1 years, Weight: 44 kg, Power: 485 kW",product,"hvac systems model 460 hvac systems designed for commercial applications, with advanced features for durability and efficiency. price:5904 rating:3.9 location:london, uk",,,
P036,hvac systems model 248,Supplier 3,"sydney, australia",9319.0,4.4,"hvac systems designed for industrial applications, with advanced features for durability and efficiency.","Material: Plastic, Warranty: 4 years, Weight: 90 kg, Power: 192 kW",product,"hvac systems model 248 hvac systems designed for industrial applications, with advanced features for durability and efficiency. price:9319 rating:4.4 location:sydney, australia",,,
P037,welding machines model 357,Supplier 8,"sydney, australia",9070.0,4.7,"welding machines designed for industrial applications, with advanced features for durability and efficiency.","Material: Steel, Warranty: 4 years, Weight: 39 kg, Power: 398 kW",product,"welding machines model 357 welding machines designed for industrial applications, with advanced features for durability and efficiency. price:9070 rating:4.7 location:sydney, australia",,,
P038,pumps model 270,Supplier 9,"mumbai, india",1057.0,4.7,"pumps designed for industrial applications, with advanced features for durability and efficiency.","Material: Steel, Warranty: 2 years, Weight: 87 kg, Power: 344 kW",product,"pumps model 270 pumps designed for industrial applications, with advanced features for durability and efficiency. price:1057 rating:4.7 location:mumbai, india",,,
P039,bolts and fasteners model 932,Supplier 26,"paris, france",16143.0,4.7,"bolts and fasteners designed for commercial applications, with advanced features for durability and efficiency.","Material: Steel, Warranty: 4 years, Weight: 76 kg, Power: 250 kW",product,"bolts and fasteners model 932 bolts and fasteners designed for commercial applications, with advanced features for durability and efficiency. price:16143 rating:4.7 location:paris, france",,,
P040,filters model 821,Supplier 14,"sydney, australia",2805.0,3.6,"filters designed for industrial applications, with advanced features for durability and efficiency.","Material: Steel, Warranty: 3 years, Weight: 36 kg, Power: 60 kW",product,"filters model 821 filters designed for industrial applications, with advanced features for durability and efficiency. price:2805 rating:3.6 location:sydney, australia",,,
P041,drilling equipment model 154,Supplier 7,"paris, france",2381.0,4.6,"drilling equipment designed for residential applications, with advanced features for durability and efficiency.","Material: Plastic, Warranty: 3 years, Weight: 33 kg, Power: 163 kW",product,"drilling equipment model 154 drilling equipment designed for residential applications, with advanced features for durability and efficiency. price:2381 rating:4.6 location:paris, france",,,
P042,hvac systems model 336,Supplier 26,"beijing, china",9255.0,3.7,"hvac systems designed for industrial applications, with advanced features for durability and efficiency.","Material: Aluminum, Warranty: 4 years, Weight: 51 kg, Power: 426 kW",product,"hvac systems model 336 hvac systems designed for industrial applications, with advanced features for durability and efficiency. price:9255 rating:3.7 location:beijing, china",,,
P043,industrial valves model 773,Supplier 10,"dubai, uae",9802.0,3.8,"industrial valves designed for industrial applications, with advanced features for durability and efficiency.","Material: Aluminum, Warranty: 5 years, Weight: 19 kg, Power: 238 kW",product,"industrial valves model 773 industrial valves designed for industrial applications, with advanced features for durability and efficiency. price:9802 rating:3.8 location:dubai, uae",,,
P044,pumps model 163,Supplier 20,"tokyo, japan",15971.0,4.9,"pumps designed for residential applications, with advanced features for durability and efficiency.","Material: Aluminum, Warranty: 1 years, Weight: 86 kg, Power: 260 kW",product,"pumps model 163 pumps designed for residential applications, with advanced features for durability and efficiency. price:15971 rating:4.9 location:tokyo, japan",,,
P045,filters model 682,Supplier 29,"berlin, germany",4994.0,3.7,"filters designed for residential applications, with advanced features for durability and efficiency.","Material: Plastic, Warranty: 2 years, Weight: 44 kg, Power: 92 kW",product,"filters model 682 filters designed for residential applications, with advanced features for durability and efficiency. price:4994 rating:3.7 location:berlin, germany",,,
P046,generators model 243,Supplier 7,"mumbai, india",18304.0,3.7,"generators designed for residential applications, with advanced features for durability and efficiency.","Material: Plastic, Warranty: 3 years, Weight: 12 kg, Power: 148 kW",product,"generators model 243 generators designed for residential applications, with advanced features for durability and efficiency. price:18304 rating:3.7 location:mumbai, india",,,
P047,air compressors model 325,Supplier 19,"toronto, canada",4651.0,4.5,"air compressors designed for commercial applications, with advanced features for durability and efficiency.","Material: Steel, Warranty: 2 years, Weight: 34 kg, Power: 138 kW",product,"air compressors model 325 air compressors designed for commercial applications, with advanced features for durability and efficiency. price:4651 rating:4.5 location:toronto, canada",,,
P048,drilling equipment model 364,Supplier 27,"toronto, canada",3594.0,4.3,"drilling equipment designed for commercial applications, with advanced features for durability and efficiency.","Material: Aluminum, Warranty: 3 years, Weight: 51 kg, Power: 326 kW",product,"drilling equipment model 364 drilling equipment designed for commercial applications, with advanced features for durability and efficiency. price:3594 rating:4.3 location:toronto, canada",,,
P049,industrial valves model 456,Supplier 29,"berlin, germany",4407.0,3.5,"industrial valves designed for commercial applications, with advanced features for durability and efficiency.","Material: Plastic, Warranty: 4 years, Weight: 55 kg, Power: 85 kW",product,"industrial valves model 456 industrial valves designed for commercial applications, with advanced features for durability and efficiency. price:4407 rating:3.5 location:berlin, germany",,,
P050,welding machines model 348,Supplier 14,"mumbai, india",3505.0,4.5,"welding machines designed for commercial applications, with advanced features for durability and efficiency.","Material: Steel, Warranty: 4 years, Weight: 92 kg, Power: 167 kW",product,"welding machines model 348 welding machines designed for commercial applications, with advanced features for durability and efficiency. price:3505 rating:4.5 location:mumbai, india",,,
P051,generators model 163,Supplier 20,"paris, france",13424.0,4.9,"generators designed for industrial applications, with advanced features for durability and efficiency.","Material: Steel, Warranty: 5 years, Weight: 81 kg, Power: 448 kW",product,"generators model 163 generators designed for industrial applications, with advanced features for durability and efficiency. price:13424 rating:4.9 location:paris, france",,,
P052,drilling equipment model 847,Supplier 5,"london, uk",17708.0,3.9,"drilling equipment designed for industrial applications, with advanced features for durability and efficiency.","Material: Steel, Warranty: 4 years, Weight: 54 kg, Power: 475 kW",product,"drilling equipment model 847 drilling equipment designed for industrial applications, with advanced features for durability and efficiency. price:17708 rating:3.9 location:london, uk",,,
P053,conveyors model 573,Supplier 26,"tokyo, japan",9444.0,4.4,"conveyors designed for commercial applications, with advanced features for durability and efficiency.","Material: Steel, Warranty: 5 years, Weight: 94 kg, Power: 241 kW",product,"conveyors model 573 conveyors designed for commercial applications, with advanced features for durability and efficiency. price:9444 rating:4.4 location:tokyo, japan",,,
P054,air compressors model 898,Supplier 17,"paris, france",10852.0,4.4,"air compressors designed for industrial applications, with advanced features for durability and efficiency.","Material: Steel, Warranty: 1 years, Weight: 58 kg, Power: 312 kW",product,"air compressors model 898 air compressors designed for industrial applications, with advanced features for durability and efficiency. price:10852 rating:4.4 location:paris, france",,,
P055,filters model 195,Supplier 7,"mumbai, india",8425.0,4.4,"filters designed for residential applications, with advanced features for durability and efficiency.","Material: Steel, Warranty: 2 years, Weight: 99 kg, Power: 140 kW",product,"filters model 195 filters designed for residential applications, with advanced features for durability and efficiency. price:8425 rating:4.4 location:mumbai, india",,,
P056,pumps model 689,Supplier 10,"sydney, australia",5606.0,3.5,"pumps designed for commercial applications, with advanced features for durability and efficiency.","Material: Steel, Warranty: 4 years, Weight: 17 kg, Power: 259 kW",product,"pumps model 689 pumps designed for commercial applications, with advanced features for durability and efficiency. price:5606 rating:3.5 location:sydney, australia",,,
P057,generators model 806,Supplier 14,"toronto, canada",9903.0,4.9,"generators designed for commercial applications, with advanced features for durability and efficiency.","Material: Steel, Warranty: 2 years, Weight: 83 kg, Power: 488 kW",product,"generators model 806 generators designed for commercial applications, with advanced features for durability and efficiency. price:9903 rating:4.9 location:toronto, canada",,,
P058,filters model 330,Supplier 29,"mumbai, india",9647.0,3.7,"filters designed for commercial applications, with advanced features for durability and efficiency.","Material: Steel, Warranty: 5 years, Weight: 12 kg, Power: 293 kW",product,"filters model 330 filters designed for commercial applications, with advanced features for durability and efficiency. price:9647 rating:3.7 location:mumbai, india",,,
P059,drilling equipment model 933,Supplier 27,"new york, usa",2310.0,4.6,"drilling equipment designed for industrial applications, with advanced features for durability and efficiency.","Material: Plastic, Warranty: 3 years, Weight: 92 kg, Power: 446 kW",product,"drilling equipment model 933 drilling equipment designed for industrial applications, with advanced features for durability and efficiency. price:2310 rating:4.6 location:new york, usa",,,
P060,air compressors model 619,Supplier 11,"paris, france",13441.0,3.9,"air compressors designed for industrial applications, with advanced features for durability and efficiency.","Material: Aluminum, Warranty: 5 years, Weight: 71 kg, Power: 457 kW",product,"air compressors model 619 air compressors designed for industrial applications, with advanced features for durability and efficiency. price:13441 rating:3.9 location:paris, france",,,
P061,hvac systems model 614,Supplier 12,"dubai, uae",6185.0,4.9,"hvac systems designed for industrial applications, with advanced features for durability and efficiency.","Material: Plastic, Warranty: 4 years, Weight: 25 kg, Power: 376 kW",product,"hvac systems model 614 hvac systems designed for industrial applications, with advanced features for durability and efficiency. price:6185 rating:4.9 location:dubai, uae",,,
P062,generators model 322,Supplier 16,"new york, usa",19803.0,3.6,"generators designed for commercial applications, with advanced features for durability and efficiency.","Material: Plastic, Warranty: 3 years, Weight: 92 kg, Power: 113 kW",product,"generators model 322 generators designed for commercial applications, with advanced features for durability and efficiency. price:19803 rating:3.6 location:new york, usa",,,
P063,bolts and fasteners model 336,Supplier 13,"london, uk",4813.0,4.5,"bolts and fasteners designed for commercial applications, with advanced features for durability and efficiency.","Material: Aluminum, Warranty: 5 years, Weight: 14 kg, Power: 251 kW",product,"bolts and fasteners model 336 bolts and fasteners designed for commercial applications, with advanced features for durability and efficiency. price:4813 rating:4.5 location:london, uk",,,
P064,air compressors model 762,Supplier 15,"beijing, china",17232.0,3.9,"air compressors designed for commercial applications, with advanced features for durability and efficiency.","Material: Steel, Warranty: 1 years, Weight: 14 kg, Power: 359 kW",product,"air compressors model 762 air compressors designed for commercial applications, with advanced features for durability and efficiency. price:17232 rating:3.9 location:beijing, china",,,
P065,industrial valves model 709,Supplier 18,"tokyo, japan",9418.0,4.3,"industrial valves designed for residential applications, with advanced features for durability and efficiency.","Material: Plastic, Warranty: 4 years, Weight: 75 kg, Power: 386 kW",product,"industrial valves model 709 industrial valves designed for residential applications, with advanced features for durability and efficiency. price:9418 rating:4.3 location:tokyo, japan",,,
P066,conveyors model 262,Supplier 29,"berlin, germany",8984.0,3.8,"conveyors designed for industrial applications, with advanced features for durability and efficiency.","Material: Plastic, Warranty: 2 years, Weight: 79 kg, Power: 385 kW",product,"conveyors model 262 conveyors designed for industrial applications, with advanced features for durability and efficiency. price:8984 rating:3.8 location:berlin, germany",,,
P067,hvac systems model 582,Supplier 14,"sydney, australia",3494.0,3.6,"hvac systems designed for commercial applications, with advanced features for durability and efficiency.","Material: Steel, Warranty: 5 years, Weight: 77 kg, Power: 340 kW",product,"hvac systems model 582 hvac systems designed for commercial applications, with advanced features for durability and efficiency. price:3494 rating:3.6 location:sydney, australia",,,
P068,filters model 346,Supplier 27,"berlin, germany",13518.0,3.5,"filters designed for residential applications, with advanced features for durability and efficiency.","Material: Aluminum, Warranty: 2 years, Weight: 58 kg, Power: 54 kW",product,"filters model 346 filters designed for residential applications, with advanced features for durability and efficiency. price:13518 rating:3.5 location:berlin, germany",,,
P069,conveyors model 204,Supplier 4,"dubai, uae",3693.0,4.3,"conveyors designed for commercial applications, with advanced features for durability and efficiency.","Material: Aluminum, Warranty: 1 years, Weight: 27 kg, Power: 342 kW",product,"conveyors model 204 conveyors designed for commercial applications, with advanced features for durability and efficiency. price:3693 rating:4.3 location:dubai, uae",,,
P070,bolts and fasteners model 205,Supplier 24,"new york, usa",5769.0,4.2,"bolts and fasteners designed for commercial applications, with advanced features for durability and efficiency.","Material: Steel, Warranty: 2 years, Weight: 64 kg, Power: 337 kW",product,"bolts and fasteners model 205 bolts and fasteners designed for commercial applications, with advanced features for durability and efficiency. price:5769 rating:4.2 location:new york, usa",,,
P071,air compressors model 980,Supplier 26,"tokyo, japan",9498.0,3.8,"air compressors designed for commercial applications, with advanced features for durability and efficiency.","Material: Steel, Warranty: 4 years, Weight: 32 kg, Power: 290 kW",product,"air compressors model 980 air compressors designed for commercial applications, with advanced features for durability and efficiency. price:9498 rating:3.8 location:tokyo, japan",,,
P072,conveyors model 531,Supplier 6,"dubai, uae",5389.0,4.1,"conveyors designed for industrial applications, with advanced features for durability and efficiency.","Material: Plastic, Warranty: 4 years, Weight: 57 kg, Power: 323 kW",product,"conveyors model 531 conveyors designed for industrial applications, with advanced features for durability and efficiency. price:5389 rating:4.1 location:dubai, uae",,,
P073,pumps model 572,Supplier 1,"dubai, uae",8237.0,4.1,"pumps designed for commercial applications, with advanced features for durability and efficiency.","Material: Steel, Warranty: 1 years, Weight: 27 kg, Power: 72 kW",product,"pumps model 572 pumps designed for commercial applications, with advanced features for durability and efficiency. price:8237 rating:4.1 location:dubai, uae",,,
P074,hvac systems model 202,Supplier 23,"mumbai, india",13109.0,4.9,"hvac systems designed for residential applications, with advanced features for durability and efficiency.","Material: Steel, Warranty: 2 years, Weight: 56 kg, Power: 130 kW",product,"hvac systems model 202 hvac systems designed for residential applications, with advanced features for durability and efficiency. price:13109 rating:4.9 location:mumbai, india",,,
P075,filters model 546,Supplier 1,"dubai, uae",14354.0,4.1,"filters designed for residential applications, with advanced features for durability and efficiency.","Material: Steel, Warranty: 1 years, Weight: 44 kg, Power: 255 kW",product,"filters model 546 filters designed for residential applications, with advanced features for durability and efficiency. price:14354 rating:4.1 location:dubai, uae",,,
P076,industrial valves model 706,Supplier 7,"tokyo, japan",17413.0,4.1,"industrial valves designed for residential applications, with advanced features for durability and efficiency.","Material: Aluminum, Warranty: 4 years, Weight: 91 kg, Power: 203 kW",product,"industrial valves model 706 industrial valves designed for residential applications, with advanced features for durability and efficiency. price:17413 rating:4.1 location:tokyo, japan",,,
P077,filters model 697,Supplier 1,"new york, usa",4218.0,4.0,"filters designed for industrial applications, with advanced features for durability and efficiency.","Material: Aluminum, Warranty: 4 years, Weight: 26 kg, Power: 367 kW",product,"filters model 697 filters designed for industrial applications, with advanced features for durability and efficiency. price:4218 rating:4.0 location:new york, usa",,,
P078,air compressors model 424,Supplier 12,"paris, france",13312.0,4.8,"air compressors designed for commercial applications, with advanced features for durability and efficiency.","Material: Steel, Warranty: 5 years, Weight: 31 kg, Power: 179 kW",product,"air compressors model 424 air compressors designed for commercial applications, with advanced features for durability and efficiency. price:13312 rating:4.8 location:paris, france",,,
P079,hvac systems model 806,Supplier 26,"new york, usa",14493.0,3.6,"hvac systems designed for residential applications, with advanced features for durability and efficiency.","Material: Plastic, Warranty: 4 years, Weight: 30 kg, Power: 296 kW",product,"hvac systems model 806 hvac systems designed for residential applications, with advanced features for durability and efficiency. price:14493 rating:3.6 location:new york, usa",,,
P080,welding machines model 414,Supplier 16,"paris, france",9168.0,4.8,"welding machines designed for industrial applications, with advanced features for durability and efficiency.","Material: Steel, Warranty: 5 years, Weight: 65 kg, Power: 472 kW",product,"welding machines model 414 welding machines designed for industrial applications, with advanced features for durability and efficiency. price:9168 rating:4.8 location:paris, france",,,
P081,bolts and fasteners model 533,Supplier 22,"sydney, australia",5925.0,4.5,"bolts and fasteners designed for residential applications, with advanced features for durability and efficiency.","Material: Aluminum, Warranty: 5 years, Weight: 67 kg, Power: 64 kW",product,"bolts and fasteners model 533 bolts and fasteners designed for residential applications, with advanced features for durability and efficiency. price:5925 rating:4.5 location:sydney, australia",,,
P082,air compressors model 590,Supplier 20,"new york, usa",13612.0,4.4,"air compressors designed for industrial applications, with advanced features for durability and efficiency.","Material: Aluminum, Warranty: 1 years, Weight: 56 kg, Power: 165 kW",product,"air compressors model 590 air compressors designed for industrial applications, with advanced features for durability and efficiency. price:13612 rating:4.4 location:new york, usa",,,
P083,bolts and fasteners model 980,Supplier 30,"paris, france",17245.0,4.1,"bolts and fasteners designed for commercial applications, with advanced features for durability and efficiency.","Material: Plastic, Warranty: 3 years, Weight: 10 kg, Power: 481 kW",product,"bolts and fasteners model 980 bolts and fasteners designed for commercial applications, with advanced features for durability and efficiency. price:17245 rating:4.1 location:paris, france",,,
P084,drilling equipment model 685,Supplier 1,"mumbai, india",8719.0,4.8,"drilling equipment designed for industrial applications, with advanced features for durability and efficiency.","Material: Steel, Warranty: 2 years, Weight: 78 kg, Power: 378 kW",product,"drilling equipment model 685 drilling equipment designed for industrial applications, with advanced features for durability and efficiency. price:8719 rating:4.8 location:mumbai, india",,,
P085,generators model 964,Supplier 19,"tokyo, japan",7432.0,3.6,"generators designed for residential applications, with advanced features for durability and efficiency.","Material: Steel, Warranty: 2 years, Weight: 57 kg, Power: 89 kW",product,"generators model 964 generators designed for residential applications, with advanced features for durability and efficiency. price:7432 rating:3.6 location:tokyo, japan",,,
P086,welding machines model 654,Supplier 7,"toronto, canada",799.0,4.9,"welding machines designed for industrial applications, with advanced features for durability and efficiency.","Material: Aluminum, Warranty: 1 years, Weight: 25 kg, Power: 96 kW",product,"welding machines model 654 welding machines designed for industrial applications, with advanced features for durability and efficiency. price:799 rating:4.9 location:toronto, canada",,,
P087,welding machines model 895,Supplier 19,"sydney, australia",17407.0,4.6,"welding machines designed for commercial applications, with advanced features for durability and efficiency.","Material: Aluminum, Warranty: 3 years, Weight: 65 kg, Power: 324 kW",product,"welding machines model 895 welding machines designed for commercial applications, with advanced features for durability and efficiency. price:17407 rating:4.6 location:sydney, australia",,,
P088,filters model 711,Supplier 28,"tokyo, japan",10642.0,5.0,"filters designed for residential applications, with advanced features for durability and efficiency.","Material: Aluminum, Warranty: 3 years, Weight: 62 kg, Power: 111 kW",product,"filters model 711 filters designed for residential applications, with advanced features for durability and efficiency. price:10642 rating:5.0 location:tokyo, japan",,,
P089,filters model 209,Supplier 16,"sydney, australia",14908.0,3.7,"filters designed for residential applications, with advanced features for durability and efficiency.","Material: Aluminum, Warranty: 2 years, Weight: 14 kg, Power: 189 kW",product,"filters model 209 filters designed for residential applications, with advanced features for durability and efficiency. price:14908 rating:3.7 location:sydney, australia",,,
P090,generators model 239,Supplier 7,"new york, usa",6233.0,4.7,"generators designed for residential applications, with advanced features for durability and efficiency.","Material: Steel, Warranty: 1 years, Weight: 66 kg, Power: 356 kW",product,"generators model 239 generators designed for residential applications, with advanced features for durability and efficiency. price:6233 rating:4.7 location:new york, usa",,,
P091,hvac systems model 374,Supplier 30,"mumbai, india",14234.0,4.8,"hvac systems designed for industrial applications, with advanced features for durability and efficiency.","Material: Plastic, Warranty: 3 years, Weight: 80 kg, Power: 272 kW",product,"hvac systems model 374 hvac systems designed for industrial applications, with advanced features for durability and efficiency. price:14234 rating:4.8 location:mumbai, india",,,
P092,filters model 460,Supplier 30,"london, uk",16622.0,4.5,"filters designed for residential applications, with advanced features for durability and efficiency.","Material: Aluminum, Warranty: 5 years, Weight: 25 kg, Power: 273 kW",product,"filters model 460 filters designed for residential applications, with advanced features for durability and efficiency. price:16622 rating:4.5 location:london, uk",,,
P093,filters model 491,Supplier 5,"sydney, australia",7039.0,4.2,"filters designed for residential applications, with advanced features for durability and efficiency.","Material: Steel, Warranty: 4 years, Weight: 67 kg, Power: 435 kW",product,"filters model 491 filters designed for residential applications, with advanced features for durability and efficiency. price:7039 rating:4.2 location:sydney, australia",,,
P094,generators model 107,Supplier 29,"toronto, canada",3740.0,3.9,"generators designed for residential applications, with advanced features for durability and efficiency.","Material: Plastic, Warranty: 3 years, Weight: 60 kg, Power: 361 kW",product,"generators model 107 generators designed for residential applications, with advanced features for durability and efficiency. price:3740 rating:3.9 location:toronto, canada",,,
P095,generators model 884,Supplier 9,"beijing, china",5040.0,4.9,"generators designed for commercial applications, with advanced features for durability and efficiency.","Material: Steel, Warranty: 3 years, Weight: 65 kg, Power: 214 kW",product,"generators model 884 generators designed for commercial applications, with advanced features for durability and efficiency. price:5040 rating:4.9 location:beijing, china",,,
P096,welding machines model 796,Supplier 12,"dubai, uae",17721.0,3.6,"welding machines designed for commercial applications, with advanced features for durability and efficiency.","Material: Steel, Warranty: 3 years, Weight: 95 kg, Power: 348 kW",product,"welding machines model 796 welding machines designed for commercial applications, with advanced features for durability and efficiency. price:17721 rating:3.6 location:dubai, uae",,,
P097,hvac systems model 929,Supplier 1,"beijing, china",1671.0,3.5,"hvac systems designed for commercial applications, with advanced features for durability and efficiency.","Material: Aluminum, Warranty: 4 years, Weight: 88 kg, Power: 283 kW",product,"hvac systems model 929 hvac systems designed for commercial applications, with advanced features for durability and efficiency. price:1671 rating:3.5 location:beijing, china",,,
P098,bolts and fasteners model 308,Supplier 12,"new york, usa",12681.0,3.5,"bolts and fasteners designed for industrial applications, with advanced features for durability and efficiency.","Material: Plastic, Warranty: 5 years, Weight: 97 kg, Power: 136 kW",product,"bolts and fasteners model 308 bolts and fasteners designed for industrial applications, with advanced features for durability and efficiency. price:12681 rating:3.5 location:new york, usa",,,
P099,hvac systems model 653,Supplier 15,"paris, france",4078.0,4.4,"hvac systems designed for residential applications, with advanced features for durability and efficiency.","Material: Aluminum, Warranty: 3 years, Weight: 24 kg, Power: 323 kW",product,"hvac systems model 653 hvac systems designed for residential applications, with advanced features for durability and efficiency. price:4078 rating:4.4 location:paris, france",,,
P100,pumps model 612,Supplier 5,"tokyo, japan",4840.0,4.7,"pumps designed for commercial applications, with advanced features for durability and efficiency.","Material: Steel, Warranty: 3 years, Weight: 84 kg, Power: 55 kW",product,"pumps model 612 pumps designed for commercial applications, with advanced features for durability and efficiency. price:4840 rating:4.7 location:tokyo, japan",,,
,,supplier 12,"paris, france",,4.9,"repair services provided by supplier 12 for drilling equipment model 154, ensuring high-quality support and reliability.",,service,"spare parts supply for drilling equipment model 154 repair services provided by supplier 12 for drilling equipment model 154, ensuring high-quality support and reliability. pricerange:739-5058 location:paris, france supplier:supplier 12",S001,spare parts supply for drilling equipment model 154,739-5058
,,supplier 2,"toronto, canada",,3.6,"repair services provided by supplier 2 for air compressors model 619, ensuring high-quality support and reliability.",,service,"upgrades for air compressors model 619 repair services provided by supplier 2 for air compressors model 619, ensuring high-quality support and reliability. pricerange:2677-14155 location:toronto, canada supplier:supplier 2",S002,upgrades for air compressors model 619,2677-14155
,,supplier 16,"tokyo, japan",,3.9,"upgrades services provided by supplier 16 for hvac systems model 644, ensuring high-quality support and reliability.",,service,"calibration for hvac systems model 644 upgrades services provided by supplier 16 for hvac systems model 644, ensuring high-quality support and reliability. pricerange:718-6014 location:tokyo, japan supplier:supplier 16",S003,calibration for hvac systems model 644,718-6014
,,supplier 5,"tokyo, japan",,4.5,"spare parts supply services provided by supplier 5 for generators model 163, ensuring high-quality support and reliability.",,service,"upgrades for generators model 163 spare parts supply services provided by supplier 5 for generators model 163, ensuring high-quality support and reliability. pricerange:1900-10239 location:tokyo, japan supplier:supplier 5",S004,upgrades for generators model 163,1900-10239
,,supplier 5,"sydney, australia",,4.5,"repair services provided by supplier 5 for welding machines model 348, ensuring high-quality support and reliability.",,service,"emergency support for welding machines model 348 repair services provided by supplier 5 for welding machines model 348, ensuring high-quality support and reliability. pricerange:4563-11752 location:sydney, australia supplier:supplier 5",S005,emergency support for welding machines model 348,4563-11752
,,supplier 10,"sydney, australia",,3.8,"upgrades services provided by supplier 10 for hvac systems model 614, ensuring high-quality support and reliability.",,service,"repair for hvac systems model 614 upgrades services provided by supplier 10 for hvac systems model 614, ensuring high-quality support and reliability. pricerange:3166-5213 location:sydney, australia supplier:supplier 10",S006,repair for hvac systems model 614,3166-5213
,,supplier 12,"dubai, uae",,4.6,"inspection services provided by supplier 12 for conveyors model 204, ensuring high-quality support and reliability.",,service,"installation for conveyors model 204 inspection services provided by supplier 12 for conveyors model 204, ensuring high-quality support and reliability. pricerange:1443-17796 location:dubai, uae supplier:supplier 12",S007,installation for conveyors model 204,1443-17796
,,supplier 29,"berlin, germany",,4.4,"installation services provided by supplier 29 for generators model 107, ensuring high-quality support and reliability.",,service,"upgrades for generators model 107 installation services provided by supplier 29 for generators model 107, ensuring high-quality support and reliability. pricerange:2431-18203 location:berlin, germany supplier:supplier 29",S008,upgrades for generators model 107,2431-18203
,,supplier 10,"london, uk",,4.0,"installation services provided by supplier 10 for pumps model 163, ensuring high-quality support and reliability.",,service,"calibration for pumps model 163 installation services provided by supplier 10 for pumps model 163, ensuring high-quality support and reliability. pricerange:2164-5217 location:london, uk supplier:supplier 10",S009,calibration for pumps model 163,2164-5217
,,supplier 20,"paris, france",,4.4,"training services provided by supplier 20 for conveyors model 522, ensuring high-quality support and reliability.",,service,"emergency support for conveyors model 522 training services provided by supplier 20 for conveyors model 522, ensuring high-quality support and reliability. pricerange:2063-13072 location:paris, france supplier:supplier 20",S010,emergency support for conveyors model 522,2063-13072
,,supplier 20,"new york, usa",,4.0,"emergency support services provided by supplier 20 for welding machines model 654, ensuring high-quality support and reliability.",,service,"installation for welding machines model 654 emergency support services provided by supplier 20 for welding machines model 654, ensuring high-quality support and reliability. pricerange:4390-12549 location:new york, usa supplier:supplier 20",S011,installation for welding machines model 654,4390-12549
,,supplier 27,"new york, usa",,3.8,"consulting services provided by supplier 27 for air compressors model 619, ensuring high-quality support and reliability.",,service,"inspection for air compressors model 619 consulting services provided by supplier 27 for air compressors model 619, ensuring high-quality support and reliability. pricerange:1992-15676 location:new york, usa supplier:supplier 27",S012,inspection for air compressors model 619,1992-15676
,,supplier 16,"new york, usa",,4.7,"training services provided by supplier 16 for filters model 821, ensuring high-quality support and reliability.",,service,"maintenance for filters model 821 training services provided by supplier 16 for filters model 821, ensuring high-quality support and reliability. pricerange:2313-17058 location:new york, usa supplier:supplier 16",S013,maintenance for filters model 821,2313-17058
,,supplier 27,"new york, usa",,3.5,"repair services provided by supplier 27 for air compressors model 325, ensuring high-quality support and reliability.",,service,"emergency support for air compressors model 325 repair services provided by supplier 27 for air compressors model 325, ensuring high-quality support and reliability. pricerange:765-14434 location:new york, usa supplier:supplier 27",S014,emergency support for air compressors model 325,765-14434
,,supplier 12,"paris, france",,3.9,"installation services provided by supplier 12 for drilling equipment model 510, ensuring high-quality support and reliability.",,service,"training for drilling equipment model 510 installation services provided by supplier 12 for drilling equipment model 510, ensuring high-quality support and reliability. pricerange:4954-7693 location:paris, france supplier:supplier 12",S015,training for drilling equipment model 510,4954-7693
,,supplier 28,"tokyo, japan",,3.9,"training services provided by supplier 28 for hvac systems model 496, ensuring high-quality support and reliability.",,service,"repair for hvac systems model 496 training services provided by supplier 28 for hvac systems model 496, ensuring high-quality support and reliability. pricerange:730-10431 location:tokyo, japan supplier:supplier 28",S016,repair for hvac systems model 496,730-10431
,,supplier 16,"paris, france",,3.7,"consulting services provided by supplier 16 for drilling equipment model 847, ensuring high-quality support and reliability.",,service,"training for drilling equipment model 847 consulting services provided by supplier 16 for drilling equipment model 847, ensuring high-quality support and reliability. pricerange:3233-9692 location:paris, france supplier:supplier 16",S017,training for drilling equipment model 847,3233-9692
,,supplier 7,"mumbai, india",,4.9,"repair services provided by supplier 7 for air compressors model 619, ensuring high-quality support and reliability.",,service,"consulting for air compressors model 619 repair services provided by supplier 7 for air compressors model 619, ensuring high-quality support and reliability. pricerange:3927-19896 location:mumbai, india supplier:supplier 7",S018,consulting for air compressors model 619,3927-19896
,,supplier 12,"dubai, uae",,5.0,"spare parts supply services provided by supplier 12 for generators model 806, ensuring high-quality support and reliability.",,service,"consulting for generators model 806 spare parts supply services provided by supplier 12 for generators model 806, ensuring high-quality support and reliability. pricerange:3350-7831 location:dubai, uae supplier:supplier 12",S019,consulting for generators model 806,3350-7831
,,supplier 10,"london, uk",,4.0,"emergency support services provided by supplier 10 for bolts and fasteners model 533, ensuring high-quality support and reliability.",,service,"spare parts supply for bolts and fasteners model 533 emergency support services provided by supplier 10 for bolts and fasteners model 533, ensuring high-quality support and reliability. pricerange:2304-13161 location:london, uk supplier:supplier 10",S020,spare parts supply for bolts and fasteners model 533,2304-13161
,,supplier 26,"mumbai, india",,4.2,"training services provided by supplier 26 for industrial valves model 456, ensuring high-quality support and reliability.",,service,"calibration for industrial valves model 456 training services provided by supplier 26 for industrial valves model 456, ensuring high-quality support and reliability. pricerange:4983-13811 location:mumbai, india supplier:supplier 26",S021,calibration for industrial valves model 456,4983-13811
,,supplier 7,"paris, france",,3.7,"calibration services provided by supplier 7 for drilling equipment model 933, ensuring high-quality support and reliability.",,service,"inspection for drilling equipment model 933 calibration services provided by supplier 7 for drilling equipment model 933, ensuring high-quality support and reliability. pricerange:4163-8601 location:paris, france supplier:supplier 7",S022,inspection for drilling equipment model 933,4163-8601
,,supplier 7,"toronto, canada",,4.3,"upgrades services provided by supplier 7 for welding machines model 357, ensuring high-quality support and reliability.",,service,"emergency support for welding machines model 357 upgrades services provided by supplier 7 for welding machines model 357, ensuring high-quality support and reliability. pricerange:1580-15192 location:toronto, canada supplier:supplier 7",S023,emergency support for welding machines model 357,1580-15192
,,supplier 23,"mumbai, india",,4.9,"inspection services provided by supplier 23 for hvac systems model 248, ensuring high-quality support and reliability.",,service,"consulting for hvac systems model 248 inspection services provided by supplier 23 for hvac systems model 248, ensuring high-quality support and reliability. pricerange:684-10069 location:mumbai, india supplier:supplier 23",S024,consulting for hvac systems model 248,684-10069
,,supplier 26,"beijing, china",,4.3,"spare parts supply services provided by supplier 26 for bolts and fasteners model 205, ensuring high-quality support and reliability.",,service,"installation for bolts and fasteners model 205 spare parts supply services provided by supplier 26 for bolts and fasteners model 205, ensuring high-quality support and reliability. pricerange:633-8780 location:beijing, china supplier:supplier 26",S025,installation for bolts and fasteners model 205,633-8780
,,supplier 1,"mumbai, india",,4.3,"installation services provided by supplier 1 for industrial valves model 709, ensuring high-quality support and reliability.",,service,"installation for industrial valves model 709 installation services provided by supplier 1 for industrial valves model 709, ensuring high-quality support and reliability. pricerange:1454-19875 location:mumbai, india supplier:supplier 1",S026,installation for industrial valves model 709,1454-19875
,,supplier 7,"mumbai, india",,4.4,"emergency support services provided by supplier 7 for bolts and fasteners model 336, ensuring high-quality support and reliability.",,service,"maintenance for bolts and fasteners model 336 emergency support services provided by supplier 7 for bolts and fasteners model 336, ensuring high-quality support and reliability. pricerange:3426-18118 location:mumbai, india supplier:supplier 7",S027,maintenance for bolts and fasteners model 336,3426-18118
,,supplier 7,"paris, france",,4.2,"inspection services provided by supplier 7 for filters model 208, ensuring high-quality support and reliability.",,service,"spare parts supply for filters model 208 inspection services provided by supplier 7 for filters model 208, ensuring high-quality support and reliability. pricerange:2413-15844 location:paris, france supplier:supplier 7",S028,spare parts supply for filters model 208,2413-15844
,,supplier 9,"beijing, china",,4.2,"repair services provided by supplier 9 for industrial valves model 709, ensuring high-quality support and reliability.",,service,"emergency support for industrial valves model 709 repair services provided by supplier 9 for industrial valves model 709, ensuring high-quality support and reliability. pricerange:4876-15567 location:beijing, china supplier:supplier 9",S029,emergency support for industrial valves model 709,4876-15567
,,supplier 30,"mumbai, india",,4.5,"consulting services provided by supplier 30 for air compressors model 939, ensuring high-quality support and reliability.",,service,"upgrades for air compressors model 939 consulting services provided by supplier 30 for air compressors model 939, ensuring high-quality support and reliability. pricerange:1893-6280 location:mumbai, india supplier:supplier 30",S030,upgrades for air compressors model 939,1893-6280
,,supplier 12,"dubai, uae",,3.6,"installation services provided by supplier 12 for hvac systems model 333, ensuring high-quality support and reliability.",,service,"spare parts supply for hvac systems model 333 installation services provided by supplier 12 for hvac systems model 333, ensuring high-quality support and reliability. pricerange:4978-13448 location:dubai, uae supplier:supplier 12",S031,spare parts supply for hvac systems model 333,4978-13448
,,supplier 29,"berlin, germany",,4.3,"emergency support services provided by supplier 29 for hvac systems model 664, ensuring high-quality support and reliability.",,service,"training for hvac systems model 664 emergency support services provided by supplier 29 for hvac systems model 664, ensuring high-quality support and reliability. pricerange:3098-19916 location:berlin, germany supplier:supplier 29",S032,training for hvac systems model 664,3098-19916
,,supplier 23,"mumbai, india",,4.0,"consulting services provided by supplier 23 for hvac systems model 653, ensuring high-quality support and reliability.",,service,"training for hvac systems model 653 consulting services provided by supplier 23 for hvac systems model 653, ensuring high-quality support and reliability. pricerange:2409-10407 location:mumbai, india supplier:supplier 23",S033,training for hvac systems model 653,2409-10407
,,supplier 20,"paris, france",,4.9,"calibration services provided by supplier 20 for air compressors model 325, ensuring high-quality support and reliability.",,service,"training for air compressors model 325 calibration services provided by supplier 20 for air compressors model 325, ensuring high-quality support and reliability. pricerange:533-17211 location:paris, france supplier:supplier 20",S034,training for air compressors model 325,533-17211
,,supplier 27,"new york, usa",,3.9,"installation services provided by supplier 27 for welding machines model 348, ensuring high-quality support and reliability.",,service,"spare parts supply for welding machines model 348 installation services provided by supplier 27 for welding machines model 348, ensuring high-quality support and reliability. pricerange:1768-12887 location:new york, usa supplier:supplier 27",S035,spare parts supply for welding machines model 348,1768-12887
,,supplier 7,"tokyo, japan",,4.3,"repair services provided by supplier 7 for bolts and fasteners model 205, ensuring high-quality support and reliability.",,service,"consulting for bolts and fasteners model 205 repair services provided by supplier 7 for bolts and fasteners model 205, ensuring high-quality support and reliability. pricerange:4429-8699 location:tokyo, japan supplier:supplier 7",S036,consulting for bolts and fasteners model 205,4429-8699
,,supplier 26,"dubai, uae",,3.7,"upgrades services provided by supplier 26 for air compressors model 848, ensuring high-quality support and reliability.",,service,"inspection for air compressors model 848 upgrades services provided by supplier 26 for air compressors model 848, ensuring high-quality support and reliability. pricerange:3898-10920 location:dubai, uae supplier:supplier 26",S037,inspection for air compressors model 848,3898-10920
,,supplier 27,"london, uk",,4.2,"maintenance services provided by supplier 27 for pumps model 163, ensuring high-quality support and reliability.",,service,"calibration for pumps model 163 maintenance services provided by supplier 27 for pumps model 163, ensuring high-quality support and reliability. pricerange:4650-9978 location:london, uk supplier:supplier 27",S038,calibration for pumps model 163,4650-9978
,,supplier 5,"tokyo, japan",,4.3,"repair services provided by supplier 5 for drilling equipment model 421, ensuring high-quality support and reliability.",,service,"upgrades for drilling equipment model 421 repair services provided by supplier 5 for drilling equipment model 421, ensuring high-quality support and reliability. pricerange:2975-12091 location:tokyo, japan supplier:supplier 5",S039,upgrades for drilling equipment model 421,2975-12091
,,supplier 9,"mumbai, india",,4.4,"calibration services provided by supplier 9 for drilling equipment model 847, ensuring high-quality support and reliability.",,service,"repair for drilling equipment model 847 calibration services provided by supplier 9 for drilling equipment model 847, ensuring high-quality support and reliability. pricerange:1005-8720 location:mumbai, india supplier:supplier 9",S040,repair for drilling equipment model 847,1005-8720
,,supplier 14,"mumbai, india",,3.5,"emergency support services provided by supplier 14 for air compressors model 848, ensuring high-quality support and reliability.",,service,"training for air compressors model 848 emergency support services provided by supplier 14 for air compressors model 848, ensuring high-quality support and reliability. pricerange:2301-6240 location:mumbai, india supplier:supplier 14",S041,training for air compressors model 848,2301-6240
,,supplier 27,"toronto, canada",,3.7,"training services provided by supplier 27 for air compressors model 590, ensuring high-quality support and reliability.",,service,"emergency support for air compressors model 590 training services provided by supplier 27 for air compressors model 590, ensuring high-quality support and reliability. pricerange:978-9361 location:toronto, canada supplier:supplier 27",S042,emergency support for air compressors model 590,978-9361
,,supplier 20,"mumbai, india",,5.0,"upgrades services provided by supplier 20 for air compressors model 602, ensuring high-quality support and reliability.",,service,"training for air compressors model 602 upgrades services provided by supplier 20 for air compressors model 602, ensuring high-quality support and reliability. pricerange:1060-10580 location:mumbai, india supplier:supplier 20",S043,training for air compressors model 602,1060-10580
,,supplier 28,"tokyo, japan",,3.9,"consulting services provided by supplier 28 for generators model 997, ensuring high-quality support and reliability.",,service,"maintenance for generators model 997 consulting services provided by supplier 28 for generators model 997, ensuring high-quality support and reliability. pricerange:2076-15817 location:tokyo, japan supplier:supplier 28",S044,maintenance for generators model 997,2076-15817
,,supplier 28,"tokyo, japan",,3.6,"upgrades services provided by supplier 28 for drilling equipment model 685, ensuring high-quality support and reliability.",,service,"spare parts supply for drilling equipment model 685 upgrades services provided by supplier 28 for drilling equipment model 685, ensuring high-quality support and reliability. pricerange:2621-9997 location:tokyo, japan supplier:supplier 28",S045,spare parts supply for drilling equipment model 685,2621-9997
,,supplier 7,"mumbai, india",,4.9,"calibration services provided by supplier 7 for air compressors model 424, ensuring high-quality support and reliability.",,service,"consulting for air compressors model 424 calibration services provided by supplier 7 for air compressors model 424, ensuring high-quality support and reliability. pricerange:4212-8496 location:mumbai, india supplier:supplier 7",S046,consulting for air compressors model 424,4212-8496
,,supplier 20,"mumbai, india",,4.3,"repair services provided by supplier 20 for drilling equipment model 421, ensuring high-quality support and reliability.",,service,"training for drilling equipment model 421 repair services provided by supplier 20 for drilling equipment model 421, ensuring high-quality support and reliability. pricerange:3113-15700 location:mumbai, india supplier:supplier 20",S047,training for drilling equipment model 421,3113-15700
,,supplier 25,"dubai, uae",,4.7,"upgrades services provided by supplier 25 for filters model 711, ensuring high-quality support and reliability.",,service,"consulting for filters model 711 upgrades services provided by supplier 25 for filters model 711, ensuring high-quality support and reliability. pricerange:4455-7632 location:dubai, uae supplier:supplier 25",S048,consulting for filters model 711,4455-7632
,,supplier 5,"tokyo, japan",,4.5,"installation services provided by supplier 5 for welding machines model 631, ensuring high-quality support and reliability.",,service,"installation for welding machines model 631 installation services provided by supplier 5 for welding machines model 631, ensuring high-quality support and reliability. pricerange:2367-12991 location:tokyo, japan supplier:supplier 5",S049,installation for welding machines model 631,2367-12991
,,supplier 9,"sydney, australia",,3.6,"spare parts supply services provided by supplier 9 for industrial valves model 998, ensuring high-quality support and reliability.",,service,"upgrades for industrial valves model 998 spare parts supply services provided by supplier 9 for industrial valves model 998, ensuring high-quality support and reliability. pricerange:4697-14087 location:sydney, australia supplier:supplier 9",S050,upgrades for industrial valves model 998,4697-14087
